Model,Accuracy,Precision,Recall,F1,ROC-AUC,PR-AUC
CatBoost,0.9995962220427653,0.9518072289156626,0.8061224489795918,0.8729281767955801,0.9802319246494321,0.8782973818795533
