Model,Accuracy,Precision,Recall,F1,ROC-AUC,PR-AUC
Naive Bayes,0.9744039886239949,0.05613577023498695,0.8775510204081632,0.10552147239263804,0.9645821609454136,0.08735530600635734
