Model,Accuracy,Precision,Recall,F1,ROC-AUC,PR-AUC
Random Forest,0.9995435553526912,0.9615384615384616,0.7653061224489796,0.8522727272727273,0.9567233635857268,0.8610229984800628
