Model,Accuracy,Precision,Recall,F1,ROC-AUC,PR-AUC
Logistic Regression,0.9741055440469084,0.057803468208092484,0.9183673469387755,0.10876132930513595,0.9708434302252134,0.7244694356694709
