Model,Accuracy,Precision,Recall,F1,ROC-AUC,PR-AUC
MLP Neural Network,0.9991748885221726,0.7383177570093458,0.8061224489795918,0.7707317073170732,0.9640030850550687,0.818735944018326
