Model,Accuracy,Precision,Recall,F1,ROC-AUC,PR-AUC
KNN,0.9978406657069625,0.4365482233502538,0.8775510204081632,0.5830508474576271,0.948415410058227,0.5846689654259296
