Model,Accuracy,Precision,Recall,F1,ROC-AUC,PR-AUC
XGBoost,0.9995786664794073,0.9404761904761905,0.8061224489795918,0.8681318681318682,0.9750920204885556,0.8774937700095652
