Model,Accuracy,Precision,Recall,F1,ROC-AUC,PR-AUC
Decision Tree,0.9989291106351603,0.6761904761904762,0.7244897959183674,0.6995073891625616,0.8619459390396564,0.4903671003078485
