Model,Accuracy,Precision,Recall,F1,ROC-AUC,PR-AUC
LightGBM,0.9782311014360451,0.06478658536585366,0.8673469387755102,0.12056737588652482,0.9061217850252087,0.06356200266112091
